scheme,klass,metric,n,mean_delta_clip_minus_noclip,cohens_d,p_raw,ci95_low,ci95_high,var_clip,var_noclip,variance_ratio_noclip_over_clip,bf_F,bf_p,p_holm,sig_holm,bf_sig
boundary,anterior,dice,10,1.9428372743013346e-05,0.007908948020074538,0.921875,-0.0021113648844988345,0.0020993849844777876,4.537883379265764e-06,1.94527966773988e-06,0.4286755531506473,3.3106987556138847,0.08550408609952655,1.0,NO,NO
boundary,anterior,hd95,10,0.01219318136387273,0.3706639908746269,0.310546875,-0.014510692230186294,0.03999079364630233,0.0008571260418598512,0.0005301428146907449,0.6185120843375665,0.8036097536004215,0.38184919443286747,1.0,NO,NO
boundary,anterior,assd,10,0.0009715022040599847,0.19604947188788865,0.6953125,-0.003519444911102994,0.005451581090687795,2.0386045703709945e-05,1.284555099917807e-05,0.6301148926022656,1.1506658347097685,0.29758132005083054,1.0,NO,NO
boundary,posterior,dice,10,0.000987338261205295,0.42268491819292175,0.322265625,-0.0010164772991136353,0.0030801390568673923,2.6931296001599667e-06,3.5652189799102835e-06,1.323820056672548,0.19019775016153478,0.6679377348178581,1.0,NO,NO
boundary,posterior,hd95,10,-0.0057969588147608105,-0.16538076946853103,0.609375,-0.0328243198856981,0.02301435474747868,0.0004174432573102936,0.0005420403641651242,1.2984767502477952,0.004542830343477908,0.9470058912754269,1.0,NO,NO
boundary,posterior,assd,10,-0.0013337880855111728,-0.2145081533395707,0.921875,-0.006319471986308998,0.003272352986921727,1.4639217561143634e-05,2.065963114859414e-05,1.411252415800574,0.0026783004953147213,0.9592960691662131,1.0,NO,NO
distance,anterior,dice,10,-0.00039488062424222206,-0.11945629485140975,0.76953125,-0.002678125984303768,0.00200585665271236,1.0372599998914608e-05,1.2027475453981459e-06,0.11595429743015268,9.60190655189372,0.006196991916966491,1.0,NO,YES
distance,anterior,hd95,10,0.003093595942025895,0.11877604603058231,0.9765625,-0.01798563619085754,0.024397369899428072,0.0005164877003931838,0.0001279659439229278,0.24776184181251915,4.545253344261495,0.04704199250293405,1.0,NO,YES
distance,anterior,assd,10,0.0016263090054985246,0.3278382811224844,0.193359375,-0.0028687183048403276,0.006193809453912414,3.4613428365661216e-05,6.414569682140748e-06,0.18532026398472626,3.946447995494752,0.062410752153244924,1.0,NO,NO
distance,posterior,dice,10,-0.0003358836525286679,-0.12248102722277703,0.76953125,-0.0023680731265041336,0.00171362108484338,8.16314030272482e-06,5.482362151512239e-06,0.6715996477093811,0.3444980274984794,0.5645342167928913,1.0,NO,NO
distance,posterior,hd95,10,0.0043752912159510824,0.14514883301426307,0.841796875,-0.019815184772712453,0.027892144742242903,0.0003662601867404282,0.0004678198717594533,1.2772883559167771,0.36746232236414567,0.5519595498559537,1.0,NO,NO
distance,posterior,assd,10,0.0011011665725085106,0.22166589051393898,0.4921875,-0.0028119051153982326,0.0050138234702471205,3.164691301085427e-05,1.4016545461999325e-05,0.4429040348166636,2.7917960349276143,0.11204339782527951,1.0,NO,NO
legacy,anterior,dice,10,-0.00026208660416414674,-0.10380036658590719,1.0,-0.0022614910917863737,0.0015823977851101034,6.49743771271481e-06,1.8991891695889021e-06,0.2922981725353652,0.9990535127484831,0.33078784213697576,1.0,NO,NO
legacy,anterior,hd95,10,0.013058054237451678,0.42834967205847746,0.275390625,-0.009479903506977888,0.0381131229670779,0.0003623593387082066,0.00048109408937636,1.327671286440242,0.871294790414374,0.36295039946171315,1.0,NO,NO
legacy,anterior,assd,10,0.00035032754928992495,0.05834407547393378,0.76953125,-0.003922043166041046,0.005009930508859628,3.328387750743081e-05,1.0453671741305963e-05,0.3140761390848204,0.9591992171114269,0.34036963840071577,1.0,NO,NO
legacy,posterior,dice,10,-0.0009923916952978896,-0.5936983617332074,0.130859375,-0.0026130727501506037,0.0006186197363561331,3.3646094128285157e-06,1.8668420938191844e-06,0.5548466002328015,0.668362762338453,0.42431289853470333,0.78515625,NO,NO
legacy,posterior,hd95,10,0.002606377814866967,0.09739668753396985,0.7421875,-0.0205753557582212,0.025311775490547993,0.0002900564812485983,0.00022025366627672873,0.7593475082115343,0.015349522526831841,0.9027728566646529,1.0,NO,NO
legacy,posterior,assd,10,0.0019104399050684923,0.46446622916820757,0.232421875,-0.0017523590679352284,0.005641682813788678,2.2036481446343628e-05,4.725892861361119e-06,0.21445768794206738,5.9750170103340565,0.025032062558673518,1.0,NO,YES
